{
    "level-search-bg": {
        "r": 0,
        "g": 0,
        "b": 0,
        "a": 90
    },
    "level-search-bar-bg": {
        "r": 0,
        "g": 0,
        "b": 0,
        "a": 90
    },
    "quick-search-bg": {
        "r": 0,
        "g": 0,
        "b": 0,
        "a": 90
    },
    "difficulty-filters-bg": {
        "r": 0,
        "g": 0,
        "b": 0,
        "a": 90
    },
    "length-filters-bg": {
        "r": 0,
        "g": 0,
        "b": 0,
        "a": 90
    },
    "list-layer-bg": {
        "r": 0,
        "g": 0,
        "b": 0,
        "a": 90
    },
    "list-cell-odd": {
        "r": 0,
        "g": 0,
        "b": 0,
        "a": 90
    },
    "list-cell-even": {
        "r": 0,
        "g": 0,
        "b": 0,
        "a": 120
    }
}