{
    "children": {
        "node": {
            "background": {
            "new": [
                {
                    "type": "Alert",
                        "id": "my-new-alert",
                        "attributes": {
                            "title": "!BHUMAHUE!",
                            "description": "Napominayu, 4to redaktor <cr>PLATNIY</c>, i stoit <cg>14,99$</c>, <cy>zhelayesh zaplatit dengi?</c>",
                            "button-text": "konechno",
                            "show": true
                        }
                    }
                ]
            }
        }
    }
}
