{
  "children": {
    "node": {
      "bg-texture": {
        "attributes": {
          "color": {
            "r": 255,
            "g": 255,
            "b": 255,
            "a": 255
          },
          "sprite": {
            "random": {
              "id": "rand-ht",
              "mode": "load",
              "sprites": [
                "Photo_1-uhd.png",
                "Photo_2-uhd.png",
                "Photo_3-uhd.png",
                "Photo_4-uhd.png",
                "Photo_5-uhd.png",
                "Photo_6-uhd.png",
                "Photo_7-uhd.png",
                "Photo_8-uhd.png",
                "Photo_9-uhd.png",
                "Photo_10-uhd.png",
                "Photo_11-uhd.png",
                "Photo_12-uhd.png",
                "Photo_13-uhd.png",
                "Photo_14-uhd.png"
              ]
            }
          }
        }
      }
    }
  }
}
