{"manifest":1,"name":"Auto Nong","id":"auto-nong-index","description":"Official Auto Nong Index","lastUpdate":1724612800,"links":{"discord":"https://discord.gg/twuZ3X35yM"},"features":{"submit":{"supportedSongTypes":["youtube"],"preSubmitMessage":"Pressing continue will redirect you to the GitHub issue page to submit your song request. It will be auto filled with the data you provided.\n\n**Submissions that do not respect the following rules will almost always be rejected**\n\n1. NONG replacement songs(not remixes/mashups) should only be accepted if the level that it was made for is judged very popular. Exceptions to this rule can be made if the replacement Newgrounds song that is used in the level is not used and not likely to be used by any level(For example, [Chilled 1](https://www.newgrounds.com/audio/listen/1)).\n2. Do not accept submissions that replace songs that are used by other popular levels, especially if one of these levels is rated. For example, do not replace Stereo Madness or Tennobyte - Fly Away with an unrelated song.\n3. Before accepting a submission, make sure all the fields(Name, Artist, etc) are written correctly\n4. **Test the submission in game** before submitting/accepting it. If it has a corresponding level then make sure it syncs with it. If it's a remix/mashup make sure it syncs with the replaced song. You can test in game by adding a new song and copying the Youtube ID from the submission.\n5. Links from Google Drive, Mediafire, Dropbox, etc are not allowed. Please only submit YouTube video links, or **permanent** direct download links from CDNs that has given permission for Auto Nong to download from. Right now there isn't any CDNs that are allowed. If you don't want to upload to YouTube then submit to the SFH. \n\nOnly Auto Nong Moderators and Beginner Moderators can accept or reject submissions. This is done by commenting \"accept\" or \"reject\" under a submission.","requestParams":{"url":"https://github.com/FlafyDev/auto-nong-indexes/issues/new?template=add-nong-song.yml&extra=From%20Jukebox&","params":true}}},"nongs":{"hosted":{},"youtube":{"a4985927-16ad-5871-8998-2bf57bb87b4a":{"name":"Lost (XVA Remix)","artist":"Crim3s","startOffset":0,"ytID":"VZXeoUPPFOY","songs":[945695]},"c688fcf1-3ed6-5311-8a93-652d1279b065":{"name":"Stay Alive ( Luan & Codly Remix )","artist":"Rie Takahashi","startOffset":0,"ytID":"zNOK_toH6HQ","songs":[938470]},"ec72f824-6ac2-52e1-b073-3d585d81216c":{"name":"Galaxies","artist":"Protostar","startOffset":0,"ytID":"fndMDLCYXpc","songs":[677070]},"e20b241e-a02a-5344-a061-9bee367f288d":{"name":"Dash Destroyer (Franks Remix)","artist":"Francisc0422","startOffset":0,"ytID":"YCNWJifANyM","songs":[1172947]},"ee4b26a2-1b9a-5493-b722-9cfb5f28d790":{"name":"Shiawase (VIP)","artist":"Dion Timmer","startOffset":0,"ytID":"suisIF4hwyw","songs":[1266014]},"a55d9f01-6d9a-5fe0-928d-b262341c5bde":{"name":"Touchy Feely Fool","artist":"AJR","startOffset":0,"ytID":"8JmKQ6Bqcf0","songs":[58477]},"fea40489-efee-5ea4-b9e9-ffa08dc1d91f":{"name":"Magic Touch  (31songmashup)","artist":"Romos","startOffset":0,"ytID":"cG8p6B4-Dmc","songs":[595342]},"9767692b-768e-5fbd-93ed-f69d6fdf6f0a":{"name":"Geometry dash koromi remix","artist":"Koromi","startOffset":0,"ytID":"Q75XY-peGXA","songs":[1067550]},"d8762b23-3eaa-5724-bf50-d34d570e91a4":{"name":"Pplllife","artist":"some people","startOffset":0,"ytID":"kEwIRlO8PW0","songs":[595342]},"bb57204b-354b-5dfa-8d04-d0ee453e932b":{"name":"Bling-Bang-Bang-Born","artist":"Creepy Nuts","startOffset":0,"ytID":"5NzfqW_Yt6Y","songs":[1311743]},"af704857-c5cb-580a-9a49-3b9963fca233":{"name":"Rip and Tear","artist":"Mick Gordon","startOffset":0,"ytID":"5Nz3HXwEG4M","songs":[1253069]},"a6a7bd33-a827-526d-9d59-fe77c2d80748":{"name":"Killbot (Speed Up by DjFrenkReturn)","artist":"Devin Martin","startOffset":0,"ytID":"9eZ_EEQxNNI","songs":[464120]},"2b6c92ba-8c66-54f3-984d-1119e7ec47e1":{"name":"Watch The World Burn (Live)","artist":"Falling In Reverse","startOffset":0,"ytID":"g10qKRsi28U","songs":[192823]},"1b7c9c53-f862-5274-85b3-eb2b5c027c84":{"name":"PUNK TACTICS","artist":"Joey Valence & Brae","startOffset":0,"ytID":"OklSZmIx9-o","songs":[151235]},"ccda6c83-ec28-5b23-8fd6-cce1205fe06c":{"name":"hide away","artist":"synapson","startOffset":0,"ytID":"yah039oS2sM","songs":[2023]},"b848b973-1fb0-5ce4-bf2b-54fa8bf23fb3":{"name":"El Pollito Pio","artist":"Pulcino Pio","startOffset":0,"ytID":"dhsy6epaJGs","songs":[1]},"c0098831-0835-5159-86ca-e8391cf89fdc":{"name":"Fugitivo","artist":"Robleis","startOffset":0,"ytID":"9Qrm_88HN-A","songs":[1258084]},"7112fd15-45cb-5fc7-a04d-d0871073d16f":{"name":"Clubstep X Bangarang Mashup (Yain)","artist":"attXversion","startOffset":0,"ytID":"-UjXCb4rYd0","songs":[13]},"39195148-6cb5-5fcd-9a49-7a6dc55432bf":{"name":"Death Note Dubstep X I Love Bread","artist":"ShadowBeatzInc","startOffset":0,"ytID":"RKtpF9TxEz0","songs":[513539]},"d4ba5e2b-caee-5f92-963d-e728e8648965":{"name":"Shy away","artist":"Twenty One Pilots","startOffset":0,"ytID":"niR2qJ3mGEE","songs":[1249318]},"26cadb42-2af5-5af5-9b4a-25e91bcdef69":{"name":"7th saga children","artist":"chronamut","startOffset":0,"ytID":"TvE4p-IQUMs","songs":[6666]},"3a51d960-a020-556b-948b-c39dbfd82cf2":{"name":"Clubstep - Dj Nate x Gunna (Ft Roddy Ricch)","artist":"DJ Nate","startOffset":0,"ytID":"DEQuem28ogQ","songs":[13]},"8c8faa9f-5a72-5327-83d7-d708664bb9cf":{"name":"BURN","artist":"Kanye West & Ty Dolla $ign","startOffset":0,"ytID":"DnEOoCWqY9M","songs":[1328792]},"a04eec72-f3c0-565a-9d45-666460c19251":{"name":"Galop Infernal","artist":"Offenbach","startOffset":0,"ytID":"ScdvjwOF5cw","songs":[161803]},"fbbaf5dc-cdba-5018-9957-f3b0f6af89f5":{"name":"Sendan Life (Katagiri Bootleg)","artist":"Shoue, Katagiri","startOffset":0,"ytID":"qy4oe4rEGsw","songs":[18856464]},"19fb0055-2d94-5b4a-aa4d-82181ae0444a":{"name":"Overdose Party","artist":"Furyan","startOffset":0,"ytID":"XDxFcZyMiNM","songs":[14885340]},"3727f661-9eb6-5852-93e8-a475bc30d628":{"name":"At the Speed of Light (AceTAD Remix)","artist":"Dimrain47","startOffset":0,"ytID":"KGcw_U-8HXM","songs":[467339]},"ff3e1413-4f61-5869-a558-dca6ebeb8003":{"name":"Clubstep (Laxris Remix)","artist":"Laxris","startOffset":0,"ytID":"ZSBm0vKWWe0","songs":[13]},"1575ea9a-4393-5195-9bd1-3ab9b75cd9b2":{"name":"MIGRAINE","artist":"BOYWITHUKE","startOffset":0,"ytID":"tIxLU8WUK1Y","songs":[1]},"cc712956-86d6-5483-9c11-57491e1c6ce7":{"name":"When You Find Me (Low Pitch)","artist":"Wist8nGD","startOffset":0,"ytID":"nFePbe03800","songs":[30]},"ef7903e0-f85a-54a6-9f3b-caf612132305":{"name":"Windows xp","artist":"SomethingUnreal","startOffset":0,"ytID":"dsU3B0W3TMs","songs":[251001]},"219e6b28-4c97-5f8f-bdd1-605732dcee74":{"name":"Sakupen Circles X Gas Gas Gas","artist":"mr-jazzman","startOffset":0,"ytID":"pBENjOYrrTk","songs":[360804]},"d126a34a-51fe-5367-ae7c-a706b33a33d6":{"name":"Young Girl A","artist":"siinamota","startOffset":0,"ytID":"AqI97zHMoQw","songs":[9022]},"c7dafda7-02c7-5f73-8efd-be94626f9b3b":{"name":"Creo - Sphere ( Ella me llama MASHUP )","artist":"elnexreal","startOffset":0,"ytID":"9AFEgZSxLj4","songs":[739991]},"03dac5b0-23cd-5930-820f-84a06a2ca86d":{"name":"Bang Bang","artist":"K'naan","startOffset":0,"ytID":"rbRSYYPSjWc","songs":[640041]},"76eb15c6-8566-548b-a9c9-3ece42ba73d0":{"name":"KOCMOC - Evacore remix V2","artist":"Evacore","startOffset":0,"ytID":"LvvMb122YNU","songs":[1163222]},"7e9136e8-a3d9-5ed5-b7db-7e9c22fc4aac":{"name":"limbo's smallest violin","artist":"GD Colon","startOffset":0,"ytID":"qbNyCHRSg-0","songs":[76743]},"c2029178-af27-52be-a70d-7a4ddcfed390":{"name":"Unnecessarily High-Effort Clubstep Mashup","artist":"DEMON GIRLFRIEND","startOffset":0,"ytID":"0lRvpPhmnXs","songs":[13]},"50ee75db-c0d9-536f-af60-37059ee9e509":{"name":"Sphere x Mr Krabs vs William Afton Rap Battle","artist":"creo","startOffset":0,"ytID":"HLVcdcGznPU","songs":[739991]},"7a0226d7-341f-532f-b905-9726021dad9f":{"name":"Zodiac (Low Pitch)","artist":"Creo","startOffset":0,"ytID":"uD3nIUwFkuo","songs":[739991]},"1214e59d-260f-5156-b3ee-c132bb9aaf1f":{"name":"specialz","artist":"King gnu","startOffset":0,"ytID":"5yb2N3pnztU","songs":[22]},"7c996876-d2ec-5358-8122-ed09a9e727c6":{"name":"Endgame X Hallucinate","artist":"StevenTete","startOffset":0,"ytID":"GvNY06QSusc","songs":[587069]},"7374c95b-9b10-5755-9d30-5bf49f407e0e":{"name":"no more parties in L.A.","artist":"Kanye West, Kendrick Lamar","startOffset":0,"ytID":"NnMuFqsmYSE","songs":[1090791]},"4b97e180-e84b-5a9a-8834-40babacbc5a4":{"name":"Night of Fire","artist":"N.I.K.O.","startOffset":0,"ytID":"SRbhLtjOiRc","songs":[797022]},"59346a77-511d-5466-99e8-e3223ccbc07a":{"name":"I Love You Lalala","artist":"Tree Palm","startOffset":0,"ytID":"scZYRRX39zA","songs":[1228671]},"63750a8a-caa5-5317-bd4a-7729ba606c95":{"name":"Estrelar","artist":"DJ Ze Pedro","startOffset":0,"ytID":"gWiHro7_lZ4","songs":[500706]},"a98802fa-269e-5610-bc53-0fccd2fe7e14":{"name":"Stay with me","artist":"1nonly","startOffset":0,"ytID":"1RzV5X6ocO4","songs":[70]},"9ca7c617-258b-599d-9870-988657339b38":{"name":"XXX.","artist":"Kendrick Lamar","startOffset":0,"ytID":"TFr4br_GrSc","songs":[1336801]},"54b0baf8-f3cf-59cd-a5dd-38286ac56c74":{"name":"WASTED (murkish & huken nightcore remix)","artist":"Juice WRLD, Lil Uzi Vert","startOffset":0,"ytID":"-UHnOA3Caww","songs":[1199528]},"3eb6a374-12ca-5182-9c38-44b3d5f98696":{"name":"Creator","artist":"Lena Raine","startOffset":0,"ytID":"Qtf8YFw8iZg","songs":[34567]},"6c4bd17a-5ee0-5393-85dd-fc41c921b9cc":{"name":"Rush B","artist":"Sheet Music Boss","startOffset":0,"ytID":"5zo7BYoaqAA","songs":[571236]},"bb25b5b7-4afe-5840-b7ad-e88f87f2f602":{"name":"Rush D","artist":"Sheet Music Boss","startOffset":9000,"ytID":"IVK_KPTC7xc","songs":[67864]},"ae859b3e-e53a-50a0-a995-610bc367c686":{"name":"Ludi Letnji Ples","artist":"Flamingosi","startOffset":0,"ytID":"ahu6__i80MI","songs":[342343]},"07838bc0-1ce8-5659-aff4-56a5752d7068":{"name":"CUTE DEPRESSED","artist":"Dyan Dxddy","startOffset":0,"ytID":"abwf-BdPFsQ","songs":[315202]},"1eabe1af-26aa-53bf-85b2-ab2a513d83fb":{"name":"In Time","artist":"Momo's keys","startOffset":0,"ytID":"FOqUKGtzQWU","songs":[712418]},"f89940b3-dd64-5e1d-8abd-bf6327d3c434":{"name":"Artcore | NamiRyo - Aisthimata","artist":"namiryo","startOffset":0,"ytID":"nJkvPCQqeUE","songs":[646748]},"6976f476-839d-5c38-abde-e646cf8871fc":{"name":"overdose party","artist":"funyan","startOffset":0,"ytID":"XDxFcZyMiNM","songs":[1]},"b7abee84-ce94-5f75-ac77-0aef68293ea1":{"name":"XO","artist":"Aaron Musslewhite","startOffset":0,"ytID":"oE8g_zbjGWg","songs":[766165]},"9a656583-c69a-524c-873d-682033574f65":{"name":"Creo x Marshmello - Sphere x Happier","artist":"AidanTR (Uploaded by Zafkhiel17)","startOffset":0,"ytID":"3WobR1H6B0Y","songs":[739991]},"7fedb47b-6ed4-53cb-bd9e-54e08ef1151b":{"name":"Rainshower","artist":"Silentroom","startOffset":0,"ytID":"tLL8cqRmaNE","songs":[10101]},"66f4aeb3-b5fe-53b3-971b-9d2dff8b9bdf":{"name":"Lost X Sidewalks & Skeletons Remix","artist":"CRIM3S","startOffset":0,"ytID":"fDOp2RoTJo8","songs":[66666]},"c7ab3657-186a-5464-8e33-d911a378d300":{"name":"Nine Circles x TiK ToK","artist":"Rukkus","startOffset":-109700,"ytID":"GJ5Hj89ejGY","songs":[533927]},"0f389acb-ed9d-5a30-b268-c2906f587f04":{"name":"Ange du Blanc Pur","artist":"Nanahira","startOffset":0,"ytID":"5bfbmDB8rMM","songs":[2222]},"b4099d6e-05d4-57d7-9db2-dec2a88e523f":{"name":"Dancing In The Dark","artist":"Joji","startOffset":0,"ytID":"K3Qzzggn--s","songs":[6]},"8c7bc0c8-a15f-5e1b-9c29-e7904486e265":{"name":"Back On Track (JamAttack Cover)","artist":"DJVI","startOffset":0,"ytID":"UTBXVCyLU28","songs":[522654]},"48606652-4b2b-57b3-a841-bb910a24a22e":{"name":"Stalemate (piano cover)","artist":"Kzx","startOffset":1000,"ytID":"0UqB5DJL330","songs":[482872]},"50b60350-8134-5db3-877e-2e9c5ff9e4a7":{"name":"Zodiac x happier mashup","artist":"AidanTR","startOffset":-22000,"ytID":"3ARqE-cxgjk","songs":[739991]},"14b06ab5-d921-540c-bfb9-9ea726b8fbd7":{"name":"Ijime, Dame, Zettai","artist":"BABYMETAL","startOffset":1800,"ytID":"nDqaTXqCN-Q","songs":[1237542]},"0e99f5d7-9cbb-5051-99cf-f0040e5813bc":{"name":"Sonic Blaster x Gangnam Style","artist":"DeoxyShocK, PSY, F-777","startOffset":0,"ytID":"KSAxZX4br3A","songs":[574484]},"f28ef7e2-dfe1-5776-90da-644f2b7d6b19":{"name":"WOULD YOU RUN","artist":"TRI.BE","startOffset":0,"ytID":"nfQHnabtJfM","songs":[100724]},"5739321b-c695-5537-b0bc-d15afbbe57e9":{"name":"After Dark x Sweater Weather","artist":"Gerson","startOffset":0,"ytID":"KPq5DGaSQ9I","songs":[10]},"9945afb2-c18e-5232-91cb-e6a05038630b":{"name":"Roundtable Rival","artist":"Lindsey Stirling","startOffset":0,"ytID":"jvipPYFebWc","songs":[801461]},"6f07f8ab-134e-569b-82a8-7e49ebcc2e25":{"name":"AOD-BADMAN MASHUP","artist":"BADMAN","startOffset":4,"ytID":"NNnnrjs5qng","songs":[513539]},"ea93f9d6-b0ac-508e-9b58-ad625a10bd56":{"name":"Infectious ( Original Mix )","artist":"Tobu, 7obu","startOffset":0,"ytID":"qlinKNqHCyg","songs":[593702]},"1a3d0ebd-462d-5f45-a21f-659ddc02d690":{"name":"Cloud 9 ( NoCopyrightSounds Mix )","artist":"Tobu, 7obu, NoCopyrightSounds","startOffset":0,"ytID":"FZa2yA7r-T0","songs":[604269]},"b84f27ca-7f57-50f8-84b9-b8475c901d60":{"name":"Cloud 9","artist":"Tobu, 7obu","startOffset":0,"ytID":"1KqQQHpQc8w","songs":[604269]},"f377ab9b-eaa6-5c96-a70d-2ebff086c3a0":{"name":"See tinh remix","artist":"tackehia123","startOffset":0,"ytID":"cZdnL8Ysw4cqEHoz","songs":[1659876]},"977af583-1639-545c-86ff-70ef09a65a8d":{"name":"Life ( NoCopyrightSounds Mix )","artist":"Tobu, 7obu, NoCopyrightSounds","startOffset":0,"ytID":"wxPplfyl1_M","songs":[604075]},"23ad4fdc-78f6-5ff5-8795-05747ddff198":{"name":"Hope ( Tobu Version )","artist":"Tobu, 7obu","startOffset":0,"ytID":"Y1Z3Q3O7IRE","songs":[595696]},"05e95efd-eb8b-5a53-b074-983b8c245dd7":{"name":"Silly billy","artist":"Hit single","startOffset":0,"ytID":"jwhSUmN5zTk","songs":[1]},"5541e2c7-e09c-5493-95db-7dd82536dea5":{"name":"RINGO","artist":"ITZY","startOffset":0,"ytID":"57M-OOclIjU","songs":[100324]},"b1046d6c-f09f-51f7-bd30-4510bd2883c2":{"name":"Next to you","artist":"Tree palm","startOffset":0,"ytID":"49vEwLciLAo","songs":[868059]},"f4ab5425-2462-5bfe-b6b0-d7f69edc8427":{"name":"腐蝕ルサンチマン、不死欲の猿楽座 (fushoku ressentiment)","artist":"Imperial Circus Dead Decadence","startOffset":0,"ytID":"Y1BIFydkcIQ","songs":[1262293]},"157a6204-ebf0-585d-ab98-de6baf726258":{"name":"PIKITO","artist":"RUSOWSKY","startOffset":0,"ytID":"DPqULcZXuGE","songs":[8]},"a6362c4b-4f24-5f33-9061-6f6353fcb6d8":{"name":"You have to know this","artist":"Bobby BoJanglles","startOffset":0,"ytID":"YB5p0k8-DQo","songs":[346]},"9f6f3fb7-84df-5f07-b2d2-42890dd283d4":{"name":"she's not in love with the concept","artist":"KMB and Eden","startOffset":0,"ytID":"fNqWpUVbx_c","songs":[766165]},"f9f159de-6d16-5c78-8fda-55bec264534f":{"name":"FIREWORK MASHUP | Classical Idol - Classical VIP x IDOL | Geometry Dash","artist":"Deji [GMD]","startOffset":0,"ytID":"_PyRO7XXxq4","songs":[502268]},"744e2b03-310a-5112-abb0-f43775a7cdb0":{"name":"DANCE TILL YOU'RE DEAD","artist":"RagenYT","startOffset":0,"ytID":"r5_NvFTfAWc","songs":[1]},"be180c65-74cd-5c75-b7ec-d772ffd9e327":{"name":"At Speed Of Light (lightcube remix)","artist":"Dimrain47","startOffset":945,"ytID":"_nHWc096QDU","songs":[467339]},"c119283a-4ba2-5218-ba77-0be65116613d":{"name":"Unity","artist":"Thefatrat","startOffset":0,"ytID":"n8X9_MgEdCg","songs":[597861]},"d3778f14-6ac6-5bba-b706-c7ed17ce4089":{"name":"If U Only knew","artist":"ANAPOLI","startOffset":0,"ytID":"bN3axtJJ7tY","songs":[557117]},"55aa8392-2d79-5fb5-a876-384d7456e588":{"name":"Terbang Bersamaku","artist":"DJ Asahan","startOffset":0,"ytID":"E6Jxo_VBj3U","songs":[755488]},"fd0161d9-bc2f-5e04-95a0-a991a289c3cc":{"name":"Times Up","artist":"TheFatRatxHinkik","startOffset":0,"ytID":"EbqT9oaLQ-o","songs":[683996]},"3cefc80c-6a23-54d4-b981-3f110a409fc0":{"name":"INFINITY BLASTER (Sonic Blaster MASSIVE ULTIMATE MIX)","artist":"Mecha-Ruben","startOffset":0,"ytID":"NEZzfLfhnqs","songs":[574484]},"d0d31cfd-e337-5c0d-9069-e12112d2162a":{"name":"Ludicrous Speed x After Party","artist":"GeoBlitzy","startOffset":0,"ytID":"civN_LZuWDc","songs":[467267]},"527a09ef-3602-5179-9c17-d0209e471b06":{"name":"Violeta","artist":"Iz*one","startOffset":0,"ytID":"ShSj6pGMMFo","songs":[816303]},"cc265174-0027-53d6-bec3-c878b86165dc":{"name":"Flawless Wings Of Yatagarasu x Bonfire","artist":"EmpyriousGD","startOffset":0,"ytID":"6th7J6ejl5w","songs":[490479]},"1c7d3438-4ca9-522a-8cff-f6312e9f1b11":{"name":"Pumped up kicks","artist":"Foster the people","startOffset":0,"ytID":"xHpTu9oJJaY","songs":[496892]},"be7a1e56-b92b-546d-8730-c4644463dec2":{"name":"Blame!","artist":"EXODUS1900","startOffset":0,"ytID":"12UoctW_JU8","songs":[590533]},"fdb87245-0f45-55ed-942e-28729e2f5603":{"name":"Toxic","artist":"BoyWithUke","startOffset":0,"ytID":"Mvaosumc4hU","songs":[1097636]},"1bd40169-d651-5b23-b029-094764b5b633":{"name":"Rythm hell","artist":"Louie Zong","startOffset":0,"ytID":"RYh3-YKM5bU","songs":[1213840]},"714a08ab-c147-5220-a013-c2b2d59f3aac":{"name":"Cityfade","artist":"Against all logic","startOffset":0,"ytID":"Ov5e0SLGEgg","songs":[1307480]},"f90243d9-5039-5038-b811-e762679e5fa8":{"name":"Freedom Dive (Suzu Remix)","artist":"Suzu","startOffset":5,"ytID":"pvV3ClwkzKY","songs":[735623]},"8dd59afb-10d6-5126-8cb9-d70bb777dcb7":{"name":"Rebirth Blaster (2024)","artist":"Plexity","startOffset":0,"ytID":"6GotIsZi4xc","songs":[574484]},"5abc1944-e1ac-5a02-94c1-6daeeb857767":{"name":"Stereo Madness (Rock Cover)","artist":"Creepy Team","startOffset":0,"ytID":"2ope1-3fvSg","songs":[0]},"7ba80572-cb31-52ea-b08c-2d3f2959df7d":{"name":"Sendan Life (Katagiri Bootleg)","artist":"Shoue, Katagiri","startOffset":0,"ytID":"ZgjrL8XDNEQ","songs":[1]},"0f9544bb-66ff-52b9-9af3-3e3ef79b22b4":{"name":"OOPARTS","artist":"Camellia","startOffset":0,"ytID":"lc4nTM6M9KY","songs":[1]},"4e7e4f21-983b-5485-9f96-c34233c4f180":{"name":"Bounce Reimu Fumo","artist":"Various Artists","startOffset":0,"ytID":"xc-NtHkhUaI","songs":[111111]},"b06a179d-56e7-5f9d-bf70-667a5a295d35":{"name":"Dash & Strike","artist":"Hironobu Kageyama","startOffset":0,"ytID":"LXqVftthXN0","songs":[125]},"292eb587-8cbe-513c-a04f-11e0f1dc1b5d":{"name":"Kocmoc unleashed(cover)","artist":"Killoway","startOffset":0,"ytID":"ioXKzmMcyao","songs":[6666]},"4972dd4e-fc84-5434-82ea-7546eaff5a84":{"name":"Sakupen Hell x All of the Lights","artist":"mr-jazzman","startOffset":0,"ytID":"jzf0a9HWrBU","songs":[360804]},"a39ad1ed-36d5-507c-ba08-c01228613d25":{"name":"Isolation x 2.2 Predictions","artist":"NightHawk22","startOffset":0,"ytID":"KmCOLqXlQL0","songs":[76743]},"0270a021-67a4-574a-950f-afd87171ad62":{"name":"Cradles (Live Performance)","artist":"Sur Urban","startOffset":0,"ytID":"cc95R8eIsnw","songs":[10011223]},"94ce85d6-6255-5073-a950-170b0a9a6dd2":{"name":"Cradles x Melanie Martinez","artist":"Sur Urban","startOffset":1000,"ytID":"nYAooU_CnOg","songs":[10011223]},"5de6a249-98e5-53f8-9647-44e4637d0279":{"name":"Cradles x Rabbit Hole x Cirque x Uh Oh x Freak","artist":"Sur Urban","startOffset":0,"ytID":"i3LhhIU8WD0","songs":[10011223]},"593cbe98-3881-58fe-9004-ff2c65d64d5f":{"name":"Stereo Madness (Mellon Remix)","artist":"DJ-Mellon","startOffset":0,"ytID":"IXpLdfwm228","songs":[0]},"5f53cfa8-5937-5079-af05-135080a76cd6":{"name":"Murder in my Mind","artist":"Kordhell","startOffset":0,"ytID":"w-sQRS-Lc9k","songs":[701013]},"b31b1989-7375-57d5-8a80-52a5cabaa623":{"name":"Mii Channel Music","artist":"Nintendo","startOffset":0,"ytID":"E9s1ltPGQOo","songs":[754325]},"ee349a48-ad4b-5b1f-bfda-e97ad788014e":{"name":"corps-sans-organes (Extended ver.)","artist":"cybermiso","startOffset":13030,"ytID":"oau2Pb0oRTM","songs":[1239973]},"25220b53-970d-557f-8c3f-1302c1619a7f":{"name":"GIRL A villager mc (IA COVER)","artist":"sinammota","startOffset":0,"ytID":"9p2W8M2Y0X4","songs":[1284048]},"4f107ba8-b0aa-502a-b8e3-5a128a8dfaa9":{"name":"Stereo Madness (Piano Cover)","artist":"PNG","startOffset":2650,"ytID":"TBHL-xX1ZLg","songs":[0]},"a3541459-d950-5c90-84c0-1ec1cc3ac053":{"name":"Back On Track (Piano Cover)","artist":"PNG","startOffset":3870,"ytID":"XpXUQol0NCs","songs":[1]},"deaf506b-70b0-51ec-bb43-c783fc0666fd":{"name":"Moonlight","artist":"Kali Uchis","startOffset":0,"ytID":"eNGDWBVel6w","songs":[593046]},"c4513373-0913-556a-a86e-7d34d1f9ea1c":{"name":"Stereo Madness (2015)","artist":"ForeverBound","startOffset":0,"ytID":"JtwYgQ0B198","songs":[0]},"e035fff7-66a9-5230-a837-930204e9a825":{"name":"Dr. Frinkelfracken's Cure x Chris Brown, Busta Rhymes & Lil Wayne","artist":"EmpyriousGD","startOffset":0,"ytID":"LHxniotDPuM","songs":[383158]},"7ba3436a-d355-580f-b53f-4eb6c6b4c50d":{"name":"Just Dance","artist":"Lady Gaga","startOffset":0,"ytID":"ACNwMzZejQQ","songs":[528136]},"1a111c97-d7a5-5182-bcbd-a9c115f62c68":{"name":"@SrGuillester canta ErebuS (song remix) by Manuelito juega | Geometry Dash","artist":"Manuelito Juega","startOffset":0,"ytID":"t4NX9G1XqSA","songs":[462681]},"81fa2a4f-0f49-509d-b58c-ffcad6132d6c":{"name":"fingerbang real","artist":"mdk","startOffset":0,"ytID":"BuPmq7yjDnI","songs":[757266]},"bd47dd9f-a909-587b-bebb-c222d8177eec":{"name":"Blast Processing (Zedrick Remix)","artist":"Zedrick","startOffset":0,"ytID":"pxdapEl0vQU","songs":[16]},"4a55c927-8625-51ca-b58d-c7b1f2b36982":{"name":"Polargeist (AD Remix)","artist":"Eleme NTRIX","startOffset":0,"ytID":"OD24JxwJZ-4","songs":[2]},"921505a0-cf1b-5e2c-aed3-1d899e185511":{"name":"KOCMOC killoway cover","artist":"killoway","startOffset":81000,"ytID":"ioXKzmMcyao","songs":[1163222]},"e5226edd-38ed-590e-8026-e5d2a73bc203":{"name":"At The Speed Of Light (Josh/Neo Orchestral Remix)","artist":"ItzRealMR","startOffset":1000,"ytID":"Ia1eGZBqrnw","songs":[467339]},"6b69a367-a922-599b-8ca7-de772e6b90e8":{"name":"9. Symphony 4th movement (Ode to Joy)","artist":"Ludwig van Beethoven","startOffset":4000,"ytID":"XRCe86HVSJw","songs":[92569]},"5ad92ad9-9a48-5651-8b00-b6f25a2d7612":{"name":"Creo - Spere X Rhett & Link: Nerd vs Geek rap battle. Mashup","artist":"Creo, Rhett, Link, RaQwA, Dorito0910","startOffset":0,"ytID":"HkHrc7S9-xk","songs":[739991]},"ff375aee-1019-517a-a2ce-3ab19020db99":{"name":"Candyland [NCS Release]","artist":"Tobu","startOffset":0,"ytID":"bJ-ldzTkJEA","songs":[620710]},"9ad1f6fe-0cbb-561f-af17-41bdd38c491c":{"name":"ToE 2 x Final Theory (full)","artist":"DJ-Nate","startOffset":0,"ytID":"6P9OTt1cguA","songs":[790340]},"dcdb00be-7da8-5419-b4be-d3219061b1f6":{"name":"Ouais Ouais (ft. SlyLeaf) x Into The Night","artist":"LemKuuja x Yoasobi","startOffset":0,"ytID":"4v2FZq2pDg0","songs":[787153]},"cbad039d-7846-5364-9877-ce3d5dac8d7b":{"name":"Sacala a Bailar","artist":"Gianmarco","startOffset":0,"ytID":"suDoDRVdes4","songs":[1317733]},"ffd407ac-5c1c-5f2e-b3ff-698f21cb7137":{"name":"Infinite Repeating","artist":"Daft Punk","startOffset":0,"ytID":"imBlPXbAv6E","songs":[1000000]},"c341c5be-eb41-5451-addc-aac5b28c5817":{"name":"Lost X World Cup","artist":"Bejski","startOffset":0,"ytID":"WIvlC88ynDg","songs":[945695]},"eb99c92d-cbc4-55fc-81cb-763c1683da28":{"name":"Time Leaper x Etzer","artist":"Hinkik","startOffset":0,"ytID":"giNn4BdCPw0","songs":[683996]},"6fc10392-f7ad-5c5a-80c9-68fd518ba6ee":{"name":"Clubstep x Angry Birds Theme (GD Mashup)","artist":"yoot","startOffset":0,"ytID":"a8SyA0fTp-M","songs":[13]},"ac091012-218d-5e15-add9-a14a42c38384":{"name":"Sphere x Henk Wijngaard","artist":"Creo","startOffset":0,"ytID":"FTcyZQMTSyY","songs":[739991]},"da3b47df-5dbf-5775-b5fb-005a5bfc2ea5":{"name":"Shallow Water","artist":"EPSSounds","startOffset":0,"ytID":"qgnWUjagtuY","songs":[559315]},"236edaf5-f02c-5821-881e-504973ac786c":{"name":"iLLness LiLin","artist":"Kaneko Chiharu","startOffset":0,"ytID":"nvSXjLKJSY4","songs":[101132]},"4b556441-4ca9-52a1-8679-647452e72d1f":{"name":"Precipice","artist":"Aaron Cherof","startOffset":0,"ytID":"LwzyuI0wUms","songs":[683559]},"0b28ed11-4de7-51f1-86ea-9cc261a4e6f0":{"name":"Pikito","artist":"Rusowsky","startOffset":0,"ytID":"DPqULcZXuGE","songs":[19280]},"38fab39c-5154-50d9-84dd-b6190db43c9e":{"name":"Jumper x Hello","artist":"Waterflame & OMFG","startOffset":0,"ytID":"Z_WrSy2muHs","songs":[6]},"3edc9bda-37de-5b25-aaed-f464924bd025":{"name":"Lucy VIP (Elfen Lied)","artist":"Vespar","startOffset":0,"ytID":"nZ_wr06K058","songs":[636526]},"9f7a227d-a6b4-5f9a-8713-8521f70da2ec":{"name":"It Burns! Burns! Burns!","artist":"Loco Loco","startOffset":0,"ytID":"rBhbxVmolTE","songs":[666666]},"8fa77a9a-5c64-58bb-aeff-5ddece354f94":{"name":"Shiawase","artist":"Dion Timmer","startOffset":0,"ytID":"ACX8jwUFZlo","songs":[1255249]},"abeb99c6-de13-5699-868b-071b17509af8":{"name":"Sonic Blaster x Gas Gas Gas","artist":"FullSound","startOffset":0,"ytID":"_eAJV75L_U0","songs":[574484]},"00e3b27b-375a-5ea5-8b46-b5a92d0d0c25":{"name":"At The Speed of Light (Soullspa Cover)","artist":"Dimrain47","startOffset":0,"ytID":"rqfTO2vaKaM","songs":[467339]},"501f31ec-9447-5959-b555-4135f2f9f699":{"name":"At The Speed of Light (Orchestral Cover)","artist":"Dimrain47","startOffset":0,"ytID":"igFwe4Oal2Q","songs":[467339]},"71fa832b-9716-5afc-90c0-9a2e898a1150":{"name":"At The Speed of Light (Mixed Mashup)","artist":"Dimrain47","startOffset":0,"ytID":"dzag2wMUFok","songs":[467339]},"fa68f772-817d-570b-9385-dc9ebc2e6c62":{"name":"At The Speed of Light x Face Off","artist":"Dimrain47","startOffset":0,"ytID":"Rs6WXfzbgAI","songs":[467339]},"0d570e0c-0dc2-589d-81cd-e03171fe71b0":{"name":"At the speed of light (AutoWronaX remix)","artist":"Dimrain47","startOffset":81,"ytID":"s0LGQAd1rHQ","songs":[467339]},"2ba367bd-5cc4-5911-b7ff-e0fc9d8791c9":{"name":"Cradles x Billie Eilish","artist":"Sur Urban","startOffset":0,"ytID":"AoRTyenLL4U","songs":[10011223]},"6f9d5f8b-e05b-52cd-93bd-374b61de2382":{"name":"Cradles x Ashnikko (ft. Yung Baby Tate)","artist":"Sur Urban","startOffset":0,"ytID":"NOp2wwAyMm8","songs":[10011223]},"a16c2b5f-d6f9-525d-84d2-06779d3b3180":{"name":"Xo (Ab53 Cover)","artist":"Eden\\Ab53","startOffset":453,"ytID":"jfEiC7YvPgM","songs":[766165]},"452b6041-bb61-534c-aede-9eecd907dcef":{"name":"At the Speed of Light x Bad Piggies","artist":"razaplays","startOffset":0,"ytID":"bn5eDYEI9_w","songs":[467339]},"a68ee28d-2486-5738-ac6c-bd4a178d4076":{"name":"Cradles x Ellise","artist":"Sur Urban","startOffset":0,"ytID":"IHlpuY2xLg0","songs":[10011223]},"88a3a267-68cf-5e21-a73f-4ae1f0c64284":{"name":"Shiawase (VIP)","artist":"Dion Timmer","startOffset":0,"ytID":"G-9EEDWvg9E","songs":[820717]},"f8fb0e8a-1716-5642-8fea-74bee5190c86":{"name":"Take","artist":"Risshuu & Choko","startOffset":0,"ytID":"65Smh8rwdJI","songs":[1130348]},"cce5c71d-b2a8-5102-b6ae-03be36306db5":{"name":"Shiawase (VIP) x Syn Cole","artist":"Timka","startOffset":0,"ytID":"X6ntzRC1tIo","songs":[1266014]},"f8129456-f8bc-5031-b347-ed56d4f2580c":{"name":"Clubstep x Lil Baby","artist":"DJ-Nate","startOffset":0,"ytID":"we6ky16K8c4","songs":[13]},"f73a7135-ea1c-5fb7-a038-fb814fc3f5ae":{"name":"Bailan Rochas y Chetas","artist":"Nene Malo","startOffset":0,"ytID":"ebmes8Ci7_0","songs":[56]},"111a2dce-aa56-58ce-ab9c-c986d49c3ae1":{"name":"Shiawase (Original)","artist":"Dion Timmer","startOffset":0,"ytID":"N-V3zqvtbCM","songs":[1266014]},"708b6ac8-6d1f-5cad-8358-9b8cea6c77fc":{"name":"Path of pain song - Hollow knight","artist":"Christopher Larkin","startOffset":0,"ytID":"AQ71AUNdjL0","songs":[10006026]},"0873fdc9-66e0-5fcb-b922-0701dd203cc6":{"name":"Clubstep (Phonk Remix)","artist":"pohgii","startOffset":0,"ytID":"EJFM2e7lC54","songs":[13]},"01a65944-0f58-54ca-95da-44456bba8a3e":{"name":"Clubstep (Geno Remix)","artist":"DJ-Nate","startOffset":0,"ytID":"1LrH5A2fOuo","songs":[13]},"a92eb45b-2189-5cc5-bdc3-cb888670dc30":{"name":"Clubstep (Geeser Remix) RobTop Cut Ver.","artist":"GeezerOkee","startOffset":0,"ytID":"JWUg2ZILWbM","songs":[13]},"82f8e202-a9e4-5294-ba98-3d4a07a23ef8":{"name":"Brain Power","artist":"NOMA","startOffset":0,"ytID":"ThroGkahQFw","songs":[1299591]},"20f3da70-a260-5790-ab87-a44e7a074474":{"name":"Master of Puppets (remastered)","artist":"Metallica","startOffset":0,"ytID":"kU0vHfMcRoc","songs":[21152]},"1ca2efc5-34f6-5edd-b35f-3544d15453c5":{"name":"Wake up","artist":"Kayzo, Riot","startOffset":0,"ytID":"FwSpKQaksVw","songs":[535970]},"cfc2fb04-1dde-5593-9e81-9cc0e98ede4f":{"name":"Acheron But Wulzy Sings It (AI COVER)","artist":"bobliver","startOffset":0,"ytID":"3W4hLPg8t2Q","songs":[770520]},"91b0ef30-1e60-5fc5-91b2-04065e8b6781":{"name":"Back on Track Piano Cover (working)","artist":"Symphoniac","startOffset":9800,"ytID":"QXnLoEW2_Ss","songs":[1]},"c1053041-7d64-5e07-b797-b77781786d30":{"name":"Shiawase (VIP) x Shiawase","artist":"Dion Timmer","startOffset":0,"ytID":"zxtP_3htJhQ","songs":[1266014]},"45e537e9-ee47-5f19-9cae-37f5193c594e":{"name":"Shiawase (VIP) x Jay Eazy","artist":"Dion Timmer","startOffset":0,"ytID":"Xz3Ys4TyuYQ","songs":[1266014]},"f99f63bb-4d61-5feb-ab70-e8d32518b3d2":{"name":"Clubstep X Party Rock Anthem","artist":"DJ Nate","startOffset":0,"ytID":"K1A82eiTxuE","songs":[13]},"da8f7d6a-183a-5b55-a94e-1398f444a211":{"name":"At The Speed Of Light (2023 Phonk Remix)","artist":"sxdboy","startOffset":0,"ytID":"qL6eG4OCPOs","songs":[467339]},"c0e31629-0841-5da5-be7b-a402faee74fa":{"name":"At the Speed of Light (Garageband Remake)","artist":"UI_Bourne","startOffset":270,"ytID":"WtYPOwB_RW8","songs":[467339]},"7818c142-fcb4-5e2d-9663-d8d74bb4931d":{"name":"Polargeist Piano Cover","artist":"Symphoniac","startOffset":7700,"ytID":"hmaMeW0M6bQ","songs":[2]},"7ed0af53-9901-556c-9e58-213af222df28":{"name":"Dry Out Piano Cover","artist":"Symphoniac","startOffset":9269,"ytID":"sj0k9f2rVDI","songs":[3]},"ea79e3c0-8256-56e1-aef5-08630dc8d6fd":{"name":"Base After Base Piano Cover","artist":"Symphoniac","startOffset":9300,"ytID":"g6TMgQnydNI","songs":[4]},"38daf446-6208-54da-b8be-f7a0d3eeca89":{"name":"Cant Let Go Piano Cover","artist":"Symphoniac","startOffset":9250,"ytID":"9MzCxt1QpWg","songs":[5]},"b7b29cba-3b78-58e4-a823-cfbe34686dd9":{"name":"Jumper Piano Cover","artist":"Symphoniac","startOffset":9300,"ytID":"3_nnp2PHeBY","songs":[6]},"4aa21006-bb1d-5f1e-b7a6-6848341e3f92":{"name":"Time Machine Piano Cover","artist":"Symphoniac","startOffset":7350,"ytID":"3Y7HEAgp9MM","songs":[7]},"496c01fa-101a-5f6f-8101-d3b661ef772b":{"name":"Cycles Piano Cover","artist":"Symphoniac","startOffset":9425,"ytID":"GUSuy73XnD8","songs":[8]},"8b58617a-bc84-54c2-b3db-d5af9fa0d631":{"name":"xStep Piano Cover","artist":"Symphoniac","startOffset":9200,"ytID":"p2IRRWbJTck","songs":[9]},"84044665-7fc7-5df7-951f-52690b63df25":{"name":"Clutterfunk Piano Cover","artist":"Symphoniac","startOffset":9400,"ytID":"gqYf7RSceng","songs":[10]},"f55cfe77-b856-5d57-8f33-d211c22e633a":{"name":"Theory of Everything Piano Cover","artist":"Symphoniac","startOffset":9200,"ytID":"JwaZenpZask","songs":[11]},"dd2a3bcd-69e9-5ab7-81ca-edb970d7c051":{"name":"Electroman Adventures Piano Cover","artist":"Symphoniac","startOffset":9150,"ytID":"M0PnYXH3fTA","songs":[12]},"e9088b46-644b-5098-9dad-0f1c6f332f49":{"name":"Candyland","artist":"Tobu, 7obu","startOffset":0,"ytID":"IhchfhxvPKI","songs":[620710]},"1d4da9c5-b2a7-5d85-8364-fae50ec402c4":{"name":"Nova","artist":"Ahrix","startOffset":0,"ytID":"X5mcY8ecs8I","songs":[592052]},"3915a8ac-639c-5582-83f0-48c01bc805af":{"name":"At The Speed Of Light x Evoke","artist":"Dimrain47","startOffset":0,"ytID":"9TUWORf1n4A","songs":[467339]},"7518aa81-8590-5fa6-8785-ed84bc29e4ca":{"name":"Shiawase VIP (Super High Pitch)","artist":"Dion Timmer","startOffset":0,"ytID":"McbbV4XX4jM","songs":[1266014]},"d1abdfe2-2946-569e-8396-3c37db7c975c":{"name":"Five Nights At Freedy's 3 \"Die In A Fire\"","artist":"The Living Tombstone, EileMonty, Orko","startOffset":0,"ytID":"AibtyCAhyQE","songs":[697828]},"2189b813-7f95-58af-809f-70ba72b1cbc0":{"name":"Se** And I Know It","artist":"LMFAO","startOffset":0,"ytID":"wyx6JDQCslE","songs":[593621]},"2c671ff5-154f-5446-acd2-acadcff22d5b":{"name":"Reborn","artist":"Ahrix","startOffset":0,"ytID":"TPxh7W3Jdrc","songs":[593057]},"610fb203-96b2-52ff-89eb-d27b77de696d":{"name":"E-Labyrinth (Rolling Sky Soundtrack)","artist":"Cheetah Mobile","startOffset":0,"ytID":"p4QxNPMnCKI","songs":[746536]},"b2e7cb24-947a-5887-a7bc-0942dfc24d34":{"name":"Walk Thru Fire","artist":"Vicetone, Meron Ryan","startOffset":0,"ytID":"kRauptdx_Is","songs":[1]},"f855fbf8-d67f-5252-a326-d2f1d642c735":{"name":"The Beginning","artist":"MrDumbDuck","startOffset":0,"ytID":"OefS5GdZxgw","songs":[1343173]},"4bee6208-aa73-55bc-9740-c7784d943c91":{"name":"Yamada Perfect","artist":"jon-YAKITORY","startOffset":0,"ytID":"zGMftuCqLhk","songs":[1001]},"140f17f9-e0b8-50f3-b1a6-0b6a3eeca504":{"name":"Clubstep Piano Cover","artist":"Symphoniac","startOffset":9400,"ytID":"tvp8UogZFcc","songs":[13]},"710c84e0-af7d-5f2a-a37d-9d75f7f9dd45":{"name":"Press Start (Dex Arson Remix)","artist":"Dex Arson","startOffset":0,"ytID":"vleeZOEzkhE","songs":[809899]},"5c4701a0-d1b1-5adc-808a-0ab959118f3d":{"name":"Lost x Do You Rememeber The Rain","artist":"Crim3s","startOffset":0,"ytID":"b6fxlLSbqWk","songs":[945695]},"d61605d8-5581-5b31-8458-d81ee9170b8d":{"name":"At The Speed of Light (High Pitch)","artist":"Dimrain47","startOffset":0,"ytID":"BbPIcvaFafQ","songs":[467339]},"8760b05c-7308-5af8-ac04-ade1a6f85ccf":{"name":"Sonic Blaster x Spin Me Around","artist":"F-777","startOffset":0,"ytID":"2Fd8QAhddtw","songs":[574484]},"319cb3d2-2a84-5083-b55e-2bfb483879cf":{"name":"Eternal Blaster","artist":"vvxcrystl","startOffset":0,"ytID":"A6e4PTui8LU","songs":[574484]},"4354dae7-7dbb-528c-8b45-62d10bf96943":{"name":"Electrodynamix Piano Cover","artist":"Symphoniac","startOffset":9150,"ytID":"kHAEWb8oShQ","songs":[14]},"dd88c82a-ec58-56bf-b3ae-f61c33aac8a6":{"name":"Hexagon Force Piano Cover","artist":"Symphoniac","startOffset":9100,"ytID":"6vcVT4S5l9o","songs":[15]},"3d430575-d429-5791-a2c9-51e1628bb291":{"name":"SS","artist":"Ken Carson","startOffset":0,"ytID":"TMzs6GvsZXU","songs":[83671]},"6cbcfee3-bfa8-59cf-9652-220590c3a571":{"name":"Storyteller","artist":"Daisuke Ishiwatari","startOffset":0,"ytID":"mg8_7SfwdfY","songs":[769216]},"abe2177e-525a-5cee-8740-f4e71b9a5087":{"name":"Spooky Scary Skeletons (TLT Remix)","artist":"The Living Tombstone","startOffset":0,"ytID":"q6-ZGAGcJrk","songs":[593260]},"02850273-ab52-57f5-9aed-14075ffaa6a3":{"name":"~:Lunar Abyss:~ (Piano Cover)","artist":"PNG","startOffset":1800,"ytID":"8FilFU39rPc","songs":[645631]},"35259471-d378-54c7-a50f-872cc1091b93":{"name":"~:Lunar Abyss:~ x Bad Apple","artist":"lchavasse","startOffset":0,"ytID":"jkt0pbh8SGo","songs":[645631]},"3023dced-e0ca-5fdd-8977-502768c1b030":{"name":"Betrayal of Fear x Dragonforce","artist":"Goukisan","startOffset":0,"ytID":"ZW4UxnlRiDI","songs":[167229]},"021feb84-6850-5d54-83c1-267fccecb975":{"name":"Clubstep x Low","artist":"GDmashup","startOffset":0,"ytID":"hhe5L2LGcx8","songs":[13]},"fc4568e3-5c61-55fc-b259-7dfeb240d766":{"name":"Clutterfunk (Bad Apple Remix)","artist":"FadedConnerMario123","startOffset":300,"ytID":"7KNUEC3nbok","songs":[10]},"6202cc36-4d1c-570d-bca0-2d09ab115564":{"name":"Electroman Adventure (Bad Apple Remix)","artist":"FadedConnerMario123","startOffset":1800,"ytID":"ZvfDJCpyAGc","songs":[12]},"7c84057c-b8a8-5c04-84b8-9defaf43907a":{"name":"Crystal Falls","artist":"1nf1n1ty","startOffset":0,"ytID":"7TqQ6tuOw2U","songs":[646866]},"86889f57-3548-5ad2-a11f-df1516586a1e":{"name":"Peer Gynt x Eminem","artist":"cYsmix","startOffset":0,"ytID":"3U7A-cShWVk","songs":[724710]},"7f877415-3eef-5a88-a6c7-750592f19086":{"name":"Peepee Song","artist":"BoomKitty","startOffset":0,"ytID":"lItzkd_nqYc","songs":[922510]},"ff1204e1-7136-574f-b2bf-aa15ddf2a8b3":{"name":"Brain Power (Single)","artist":"NOMA","startOffset":0,"ytID":"dTGEw_x8d10","songs":[886681]},"6c26da2e-3eb9-5d53-ab9f-f9f6e857baec":{"name":"GEOMETRY DASH (Main Level Ver)","artist":"MDK","startOffset":0,"ytID":"rYt1COPaJ9g","songs":[21]},"c85a51fc-b34c-5358-9e89-0423e0b61cab":{"name":"Dr. Finkelfracken's Cure x IShowSpeed","artist":"Bossfight","startOffset":350,"ytID":"VxmxftfBCSA","songs":[383158]},"585c5974-2df1-5455-83c8-a7860e005038":{"name":"I Got No Time (High Pitch)","artist":"The Living Tombstone","startOffset":0,"ytID":"bxpPgiE2nkw","songs":[672264]},"a6755ac7-58e1-5f39-8387-b5e5f469facd":{"name":"Skibididynamix","artist":"DJ-Nate","startOffset":0,"ytID":"j_PmyQMynJg","songs":[14]},"e9a71c24-6b94-59ca-ac7f-745a09a20c91":{"name":"Crystalia","artist":"DJ Totto","startOffset":0,"ytID":"LtE7SUCl4Yo","songs":[3412]},"8b95a5e8-cadb-5513-b12e-6c175ed7241c":{"name":"Space Invaders x MDK, Virtual Riot, Csx42, Noisestorm","artist":"teminiteofficial","startOffset":0,"ytID":"yQdK62c0qLs","songs":[865364]},"11dafd4b-fa19-5884-93eb-cfd20672205a":{"name":"Dash (Piano Cover)","artist":"guwunfish","startOffset":2300,"ytID":"r_27heTLE8s","songs":[21]},"67735cfb-3f99-5888-ba6a-e9991a24810a":{"name":"Disconnected","artist":"Pegboard Nerds","startOffset":0,"ytID":"MwSkC85TDgY","songs":[588960]},"b904a0a7-c2e4-5855-bf80-456345d981fa":{"name":"Kinetic","artist":"Condukta","startOffset":0,"ytID":"4oJiPDcLo60","songs":[596775]},"614bb6a0-83b8-595e-8df5-16909d1e5203":{"name":"~BH~ Hell's Maw (Low pitch)","artist":"Blackhole12","startOffset":0,"ytID":"oDqZ-U1LQrs","songs":[120376]},"e5010ff9-c339-5b51-a1aa-45135a7da049":{"name":"Plug in Baby","artist":"Muse","startOffset":0,"ytID":"Kler5kYbRqM","songs":[306640]},"bea33588-c7aa-50dd-b621-af21b4cb6f67":{"name":"Zodiac Mega Mashup - Sphere x Dame tu cosita, El Pepe, Eso Tilín, Potaxio, Ete Sech","artist":"Yafet","startOffset":1,"ytID":"IPNA-gQhb_s","songs":[739991]},"e767e368-b8bd-50f5-8d26-ad65885298d8":{"name":"Pedro","artist":"Raffaella Carra","startOffset":0,"ytID":"OCZIzzQpJUw","songs":[1987]},"2ff37945-47f7-5f61-bee8-737ea1e0427e":{"name":"Pedro","artist":"Raffaella Carra","startOffset":0,"ytID":"OCZIzzQpJUw","songs":[1]},"690b18c4-3e7f-53ce-bc58-bc1923872a08":{"name":"Gas Gas Gas","artist":"Manuel","startOffset":0,"ytID":"atufSv2bLa8","songs":[794665]},"4780bb90-f5f4-502f-94a2-8d2d9bad0585":{"name":"dash full","artist":"MDK","startOffset":0,"ytID":"ljEWEfSr0zQ","songs":[10007220]},"c74388dd-6adc-549a-a565-a5a7b5a53c0e":{"name":"i dont wna cry","artist":"kurfew","startOffset":0,"ytID":"Y2CRe4z0P4I","songs":[1303372]},"5f98fcee-992f-5507-bb25-ec4da3d85447":{"name":"FUN 2 RHYME (English)","artist":"HOward MOody","startOffset":0,"ytID":"KiiTjwrOKjk","songs":[1255249]},"b7879a22-81ef-562b-8e53-9640a6bf75b6":{"name":"Idols","artist":"Virtual Riot","startOffset":0,"ytID":"vZyenjZseXA","songs":[794165]},"6e7de781-0cf2-5862-99cd-483277dfcd52":{"name":"? x (Original + Piano)","artist":"Schtiffles","startOffset":0,"ytID":"be2H3mhtL_4","songs":[727020]},"18d32345-15b0-54d8-b4fc-2d04c863c7ea":{"name":"Life goes on","artist":"Oliver Tree","startOffset":0,"ytID":"8F2s8ivKXNY","songs":[101010]},"8655e072-9308-5462-a660-9517419c87dc":{"name":"Stereo Madness (Lyrics Version)","artist":"64Beastyman","startOffset":0,"ytID":"NA_CG-_mCIQ","songs":[500476]},"699b6409-7b4c-5c75-8967-e528bce02e1e":{"name":"time machine x n in paris","artist":"Xer07","startOffset":0,"ytID":"r-hYnjWRAGk","songs":[7]},"aa324c7c-4d98-5b53-ab58-259ef6fc2292":{"name":"At The Speed of Light x Squid Game vs. MrBeast","artist":"nadire","startOffset":0,"ytID":"ZEomMdwe77w","songs":[467339]},"4b224b30-c9c0-5fea-9618-c8288e3690d2":{"name":"In The End","artist":"Linkin Park","startOffset":0,"ytID":"eVTXPUF4Oz4","songs":[756941]},"4487acba-adce-5b60-b42b-b951eaf3f2eb":{"name":"Sphere x Everybody","artist":"Creo / Backstreet Boys","startOffset":0,"ytID":"-qkNdh5_Sjo","songs":[739991]},"37bd0b9c-9952-54c1-9c31-aa4395685c0b":{"name":"The Rumbling","artist":"AOT","startOffset":0,"ytID":"2S4qGKmzBJE","songs":[25]},"bcd0bf2c-7756-5e26-b368-16dfee721bf7":{"name":"UP!","artist":"Connor Price & Forrest Frank","startOffset":0,"ytID":"wCw-W-2Rs0k","songs":[71421]},"c87b464a-7340-57de-af89-2abfa92c46df":{"name":"After Dark","artist":"Mr.Kitty","startOffset":0,"ytID":"sVx1mJDeUjY","songs":[1139004]},"ddbdad95-df25-5d93-9e91-2a2251c13227":{"name":"Sonic Blaster x Bad Apple","artist":"F777","startOffset":0,"ytID":"Tm7cQqVaafY","songs":[574484]},"eadd851f-f683-5e7d-998c-83fa2f8d31d4":{"name":"Discord","artist":"The Living Tombstone","startOffset":0,"ytID":"5Z56MZFMp0k","songs":[120374]},"362cffdd-20e1-5ad7-a237-f87cabf0db4d":{"name":"Discord","artist":"The Living Tombstone","startOffset":0,"ytID":"5Z56MZFMp0k","songs":[595320]},"f134e72a-511e-5c3c-a011-85dcaf6e11b3":{"name":"Blast Processing Piano Cover","artist":"Symphoniac","startOffset":9400,"ytID":"-e2Fn9rTQ90","songs":[16]},"752585c8-8c4b-5a24-b159-73882f0467ea":{"name":"I Like Me Better","artist":"Lauv","startOffset":0,"ytID":"a7fzkqLozwA","songs":[922190]},"26dee368-96f4-540c-9375-790bb26c83f6":{"name":"Kocmoc Evacore Remix V2","artist":"Evacore","startOffset":0,"ytID":"tHnbChc_5UU","songs":[6666]},"40c0451d-69a4-57c7-8a29-7c8a3b4b7e50":{"name":"Electrodynamix (Digital Liquid Remix) RobTop Cut Ver.","artist":"LiquaFusion","startOffset":0,"ytID":"MiC_3be2VbM","songs":[14]},"3dc21b3a-b57e-5afa-9327-5c8e9f95ce89":{"name":"It's Been So Long (FNAF Remix/Cover)","artist":"APAngryPiggy","startOffset":0,"ytID":"P4zBEiMTnAo","songs":[600915]},"87d4a780-8fa8-575c-961e-876d1bcd8b36":{"name":"Take A Slice","artist":"Glass Animals","startOffset":0,"ytID":"wEtypAUozk0","songs":[972002]},"08cb2b73-8b60-5111-ba61-ac559fb8245e":{"name":"Bling-bang-bang-born","artist":"Creepy Nuts","startOffset":0,"ytID":"mLW35YMzELE","songs":[102030]},"7de06b20-ce2f-536c-a922-93396b1cacd7":{"name":"Clubstep x Rihanna","artist":"miky","startOffset":0,"ytID":"5CatgOY5jbU","songs":[396093]},"24bc6a88-c08c-5f01-ad06-5ff0469fe508":{"name":"You Dashed in the Wrong Gauntlet 2","artist":"PixlTheAxolotl","startOffset":0,"ytID":"4vHDsm3_cU8","songs":[372823]},"771f516a-92f2-5bdb-993f-2278a6ac2b74":{"name":"Voulez Vous","artist":"ABBA","startOffset":0,"ytID":"za05HBtGsgU","songs":[2487]},"6799d56c-e5f5-51ff-841b-a9b90a9fbe6f":{"name":"Crossing Field","artist":"LiSA","startOffset":0,"ytID":"KId6eunoiWk","songs":[574678]},"104691e1-0273-5cbf-ab70-4c85c8de56cd":{"name":"A Nebula Inside","artist":"ELFL","startOffset":0,"ytID":"lMLyqDpSgGM","songs":[156693]},"71427679-e223-5803-b178-048b382958fe":{"name":"Clutterfunk X Rap God Mashup","artist":"Debug78","startOffset":0,"ytID":"hZ7w4KylA1k","songs":[505816]},"15bc778c-706d-59aa-9870-4dd78b98f0ba":{"name":"[Orchestral Dubstep] Rukkus - Nine Circles [PastaYaY Remix]","artist":"PastaYaY","startOffset":0,"ytID":"cr9pRZIidyM","songs":[533927]},"078922f4-3f17-5195-a9c1-df40e630894a":{"name":"Final Boss","artist":"Nitro Fun","startOffset":0,"ytID":"VGh5DV0D3wk","songs":[1058425]},"c33905a2-db3c-5a25-9548-0af1588387e6":{"name":"ATM III","artist":"FirstFeel, MZLFF and more","startOffset":0,"ytID":"YYYn1_Vto78","songs":[12345]},"87a29f80-7141-5aee-a6da-90e351203e76":{"name":"Kerosene *REAL*","artist":"Crystal Castles","startOffset":0,"ytID":"qR2QIJdtgiU","songs":[785995]},"94f557a3-1b8b-5d58-a35c-71e119712de3":{"name":"magic touch x never gonna give you up (PILLife)","artist":"Romos, Rick Asley","startOffset":500,"ytID":"Sdh_AVYAV1c","songs":[595342]},"1fcdb399-b253-5a60-8949-b24f249b9211":{"name":"2 Phut Hon","artist":"Phao x Masew","startOffset":0,"ytID":"MxXKfq86E0I","songs":[123231]},"d778c03e-70db-59fa-bd1f-96e9d291c94f":{"name":"dry out rmx","artist":"djvi (rmx by robotic wisp)","startOffset":0,"ytID":"Qpa-ETxt5Vg","songs":[3]},"ba3f8207-ec67-5636-b047-9a54d058da39":{"name":"STAYSOLD - TEMPLAR","artist":"STAYSOLD","startOffset":0,"ytID":"qQqQvJTYdfg","songs":[102995]},"50e35a88-90a4-54fc-af91-9700478a010f":{"name":"Meteor Shower","artist":"cavetown","startOffset":0,"ytID":"vxG1HlT8n-I","songs":[56]},"72313f9f-f08f-5bd8-9db8-8bbe05b49261":{"name":"Broken Games","artist":"Shangri-la Frontier","startOffset":0,"ytID":"GasIaj6iNOU","songs":[1124343]},"9bc5cb4f-b218-5ee0-9a84-791fd43eea08":{"name":"Flashback","artist":"Frizk","startOffset":0,"ytID":"yfSIWCjIayc","songs":[1262691]},"8b2fa56f-96cf-5aa8-8893-5313300f0365":{"name":"Classic Pursuit (Low Pitch)","artist":"cYsmix","startOffset":152500,"ytID":"F6M38Rsv9YA","songs":[718171]},"9a41e68a-b2a7-5d7a-b7bc-28931f8cef13":{"name":"Everdream","artist":"The Living Proof","startOffset":0,"ytID":"WbwKZyv4izQ","songs":[123]},"9b3fee9b-85f0-5054-91d5-7baf5ab6db05":{"name":"Sphere ultimate mashup","artist":"Creo, Miranda Cosgrove, eminem, El chombo, Dj jazzy jeff, will smith, doja cat, backstreet boys, kanye west, childish gambino, the living tombstone","startOffset":23,"ytID":"vtaUc-9_554","songs":[739991]},"ca9c2b31-556c-5fde-be31-2412ea42ad24":{"name":"Sonic Blaster - F777 (DOKI DOKI WAKU WAKU Remix) FULL","artist":"EpikDARK","startOffset":0,"ytID":"g7tKsJiCNcI","songs":[574484]},"c8506ef7-1c22-500c-a34b-5648336a90e4":{"name":"racing into the night (vietnamese ver)","artist":"Lacie⭐DesuKa?","startOffset":0,"ytID":"9Q5DKUYNewo","songs":[1024087]},"24632a16-cf2b-5073-a2bc-1df879fd9cee":{"name":"Seirogan 2000","artist":"saradisk","startOffset":0,"ytID":"mx90x5wsDT0","songs":[69420]},"a6f22582-dca3-59b6-a675-e5e4a21c9287":{"name":"Me And The Birds (Sisyphus Song)","artist":"Duster","startOffset":0,"ytID":"YI2201OepoY","songs":[1]},"5b474175-bf3f-5d54-be23-9922fce94b39":{"name":"Akzeriyyuth","artist":"Feryquitous","startOffset":0,"ytID":"Ri2NKT7107k","songs":[1]},"32f01fd9-7b5c-52b4-993e-531be5b18ed7":{"name":"Sphere x Leviating","artist":"Nightvail Team","startOffset":23,"ytID":"6qr6GFEvn8Y","songs":[739991]},"b194dd2b-c8e2-590d-9f79-79967fefb7fd":{"name":"TheFatRat - Windfall x Close To The Sun Mashup","artist":"TheFatRat","startOffset":0,"ytID":"-QK6lnbNsOA","songs":[621135]},"05d65b41-055c-5083-8a42-ad4de93cdd2c":{"name":"Stay","artist":"The Kid LAROI, Creo","startOffset":3800,"ytID":"WRqfT-8X4Nk","songs":[732714]},"9377f135-e40d-58f0-bf7d-7727b6c3d560":{"name":"Ice Cave","artist":"Leon Riskin","startOffset":0,"ytID":"KpR4AZkQpYM","songs":[201617]},"7932524e-30b2-56c9-a68d-f34457dc1a78":{"name":"Honeypie","artist":"JAWNY","startOffset":0,"ytID":"9l4YS4h1VqA","songs":[1000]},"954ea5a7-22b6-5850-98ae-5e77059cc18a":{"name":"Blue Bird","artist":"Ikimonogakari","startOffset":2000,"ytID":"0qP9jkdRsYU","songs":[461609]},"b7b64044-85ba-5945-b76a-0ecf474079a0":{"name":"the calling chickennugget","artist":"chickennugget","startOffset":0,"ytID":"s4MArDdtim0","songs":[677785]},"c2c321c5-40bf-56fe-ab41-0a88951e0de5":{"name":"Phobos x Big Shaq","artist":"Solkrieg","startOffset":0,"ytID":"voyk7fXRceY","songs":[436814]},"0614bba9-7872-5482-8b0d-69e6eda25976":{"name":"Barracuda","artist":"NoiseStorm","startOffset":0,"ytID":"LGamaKv0zNg","songs":[1260456]},"225109b9-8e00-56e1-bf59-544b233468a9":{"name":"Baby Hotline","artist":"Jack Stauber","startOffset":0,"ytID":"jbTj2M3vmts","songs":[1000]},"b9dabe60-860d-51ab-a315-63d44745caf3":{"name":"BLaze Or Iris","artist":"Phyrnna","startOffset":0,"ytID":"TOdjK4pYCUg","songs":[359229]},"2fba3cca-9b8f-5392-8ec2-29f1d34b7a5a":{"name":"Lovely Bastards","artist":"ZWE1HVNDXR and yatashigang","startOffset":0,"ytID":"L5zE7EthV1o","songs":[22222]},"c1325137-de44-54e6-a31e-2f68bf65e935":{"name":"enchanted love","artist":"linear ring","startOffset":0,"ytID":"qE6mruRB1PA","songs":[949936]},"dcf7ad18-b01a-5119-8c2b-8db9fc183cd8":{"name":"El Baile de La Gambeta","artist":"Bersuit Vergarabat","startOffset":0,"ytID":"DloRRUyJQGU","songs":[55]},"e7c1624e-c2d7-5de7-8864-a09a5e8210fb":{"name":"One love","artist":"C.Z kind","startOffset":1,"ytID":"dZkOOi-L0aM","songs":[7864]},"296d4414-66b6-55e1-be71-5b23b9541799":{"name":"Dnyami Nochami","artist":"Pyrokinesis, MYKKA","startOffset":0,"ytID":"zY7yvZcZIoE","songs":[928876]},"97a8dbdf-f40e-5d9d-b2fe-78548f95a18c":{"name":"Dnyami Nochami (Hardstyle remix)","artist":"Pyrokinesis, MYKKA","startOffset":0,"ytID":"KplAOO33uRA","songs":[928876]},"2e604b1c-451d-5383-a644-1d0154d93436":{"name":"Power Trip (Piano Cover)","artist":"PNG","startOffset":1350,"ytID":"oHTR_ro0RnI","songs":[39]},"a1c55643-cde7-5dcf-b8d5-be2530b28fa5":{"name":"Nock Em (Piano Cover)","artist":"PNG","startOffset":2000,"ytID":"aXnYTmadJMY","songs":[38]},"69af5482-fea4-5ef3-85c9-1b109f8e91e2":{"name":"The Seven Seas (Piano Cover)","artist":"PNG","startOffset":2400,"ytID":"SPSIjRmqt0Q","songs":[23]},"7fdadcd1-bb60-5b98-9600-9343c1c8176a":{"name":"Airborne Robots (Piano Cover)","artist":"PNG","startOffset":2150,"ytID":"nJUY1SdpBo0","songs":[25]},"1c60f4e8-1ec5-5a3e-9808-b479b622419e":{"name":"Snowman","artist":"sia","startOffset":0,"ytID":"gset79KMmt0","songs":[754]},"dd69c8bb-bcd1-5ad5-9b29-58cab309949b":{"name":"Arcade","artist":"Vexento","startOffset":0,"ytID":"JV41UkBQDhE","songs":[1124225]},"79dc56a7-1a83-560b-965a-64cab2ef969e":{"name":"Last Dance (Nexlie Remix)","artist":"Xomu","startOffset":0,"ytID":"sBEKQo51L4U","songs":[1044866]},"4c02a448-5eb8-5def-94de-f836823fb9bf":{"name":"Crystallize - [All My Life]","artist":"Crystallize","startOffset":0,"ytID":"vmDqX3X-cEE","songs":[302522]},"4d393d5a-8a25-5392-8620-beaed8e778b5":{"name":"Crystallize - [All My Life] (Sync ver.)","artist":"Crystallize","startOffset":0,"ytID":"jZ-vsS5ZU90","songs":[302522]},"c00b1edd-c771-5dab-93d7-2e4630519673":{"name":"clubstep x Tik tok","artist":"Ke$ha","startOffset":10,"ytID":"bx5GzRUVAzo","songs":[13]},"3a8a21e6-8f3a-569e-9d10-0bff17a10ef3":{"name":"Rebirth blaster","artist":"Plexity","startOffset":0,"ytID":"Swzg3jgEAgk","songs":[574484]},"f27974b7-21a9-584d-99f9-b09659b466d9":{"name":"Darnell Wet Fart","artist":"Churgney Gurgney","startOffset":0,"ytID":"x6xtqI4k2gs","songs":[122]},"cfae0414-9a2d-5fef-84a6-29c1e8f6202a":{"name":"Viking Arena","artist":"F-777","startOffset":0,"ytID":"oawvTsTInBU","songs":[24]},"2d00ed7a-1aa3-53a9-904a-ae0baa0e4fdd":{"name":"Payload","artist":"Dex Arson","startOffset":0,"ytID":"P2xYukG4F3c","songs":[27]},"2af0915c-c29e-50bb-b2c6-77a7c578a597":{"name":"FE!N","artist":"Travis Scott","startOffset":0,"ytID":"U-l4ya3ejko","songs":[1]},"6840dad3-886f-515c-8404-bddbb6cec494":{"name":"Crying for Rain","artist":"Minami","startOffset":0,"ytID":"0YF8vecQWYs","songs":[4123]},"f31b7e28-abb1-58dd-ad3f-ac2b3c02485f":{"name":"Cannibal","artist":"Tally Hall","startOffset":0,"ytID":"5_QwMRE-BKc","songs":[66901]},"6fc99915-7f6a-5530-a9f7-ce24c6bd5fc8":{"name":"Magic Touch X Magnolia","artist":"Romos X Playboi Carti","startOffset":0,"ytID":"anuupo5fhZ4","songs":[595342]},"21830554-3ff8-562b-a870-e15e94850633":{"name":"Second Warning","artist":"Dr.ReB","startOffset":0,"ytID":"pe3h62MrlPE","songs":[122]},"5c559f9d-ebbe-5fa4-9e5d-daa777c12f2e":{"name":"kuzureta","artist":"borame","startOffset":0,"ytID":"gBdKQVucA_c","songs":[1024087]},"f302dc7c-e156-5700-998a-b8587822c094":{"name":"mzlff - privet","artist":"mazellovvv","startOffset":0,"ytID":"ZcSWyHxVlRQ","songs":[1]},"50bee792-f1a4-5206-b419-97dfd470074f":{"name":"Zodiac (Cursed Pitch)","artist":"Creo","startOffset":0,"ytID":"uD3nIUwFkuo","songs":[739991]},"85236d4d-d3c4-50b1-accb-f794e1583cbf":{"name":"jump in the caac edit","artist":"epochgd","startOffset":0,"ytID":"lVOrE3OsFSo","songs":[1001]},"9884a2e5-428c-5aa2-a3c7-8e9bb983a13c":{"name":"Hamster Criminal","artist":"MC Beast","startOffset":0,"ytID":"WA4PsDoSLe8","songs":[1]},"f15f6170-cab8-5ef7-938d-9bd82d4f1ec0":{"name":"KOCMOC (korathink remix)","artist":"Korathink","startOffset":0,"ytID":"Yy9AEsP2PXo","songs":[1348719]},"7d5e8a3e-f738-57c1-8505-32a23b399a0f":{"name":"Jschlatt Aria Math","artist":"Levi Rochell","startOffset":0,"ytID":"ozOjWSe0kaA","songs":[889642]},"e3887247-4d56-5ca6-818b-b0cc31dcb38c":{"name":"Lost (Original)","artist":"Crim3s","startOffset":-33750,"ytID":"cpEkXk6u_b4","songs":[945695]},"bdd11749-c2ce-528f-b9c4-4a824ae30770":{"name":"KOCMOC (korathink remix)","artist":"Korathink","startOffset":80800,"ytID":"Yy9AEsP2PXo","songs":[1163222]},"381d89c6-fb47-50d3-9480-95657e65b1ad":{"name":"a","artist":"a","startOffset":0,"ytID":"-o68Za69bCc","songs":[999999]},"556e870c-3668-51d3-b51a-dcefda6a3775":{"name":"At the Speed of Light (KingSammelot Cover)","artist":"Kingsammelot","startOffset":1000,"ytID":"zqjkuCPHoVc","songs":[467339]},"f0fd99f1-b04d-5e3d-ae68-009a6071b6e6":{"name":"Creo Sphere X Dont Threaten Me With A Good Time","artist":"Creo x P!ATD","startOffset":0,"ytID":"9eqJ4hsLBnA","songs":[739991]},"9fb39e26-1009-5dad-8bf4-f5a75eff4ca0":{"name":"title wave","artist":"perplexing","startOffset":16000,"ytID":"T5cxiH9AoEQ","songs":[1266014]},"eda9d87e-3df9-5aea-8aba-5394b3312394":{"name":"Surface X chavo del ocho","artist":"Dinraim47","startOffset":0,"ytID":"wUIF2vCx0Ok","songs":[63082]},"555554c3-5600-552b-adaf-39bac2b20491":{"name":"Sonic blaster X Last friday night","artist":"F-777","startOffset":0,"ytID":"lyZ66nL006s","songs":[574484]},"db033370-fd32-5761-a225-3a1c4820031a":{"name":"filkoty","artist":"dsadfads","startOffset":0,"ytID":"IagC2wU2wfo","songs":[111]},"bb770540-a866-5bcf-b6f3-5a0de5c3ecde":{"name":"Polish Song","artist":"TLauncherGD","startOffset":0,"ytID":"sk-tF8D3tho","songs":[1]},"6eb08612-feff-5399-b9e9-7d73e9bca877":{"name":"Take A Slice","artist":"Glass Animals","startOffset":0,"ytID":"WS0ZqIWSy84","songs":[48]},"8e351b24-97cc-5062-a191-a159ede37f24":{"name":"August","artist":"Intilligency","startOffset":0,"ytID":"ZPeJyu6n9iU","songs":[48]},"fe75b953-e321-5416-b467-82a31e45b5b6":{"name":"505","artist":"Arctic Monkeys","startOffset":0,"ytID":"1Jd2DysfCW8","songs":[48]},"b3b8ebe4-2a6f-5dba-988e-a70f781d1710":{"name":"Abyss of Darkness (ShadowBeatzInc - Death Note Dubstep [SB]) Low Pitch","artist":"Nightvail Team [GD]","startOffset":0,"ytID":"6RRsVScMBns","songs":[513539]},"45640dae-5915-56bb-bd25-0b3c1fa29ea7":{"name":"Flow X Not Like Us","artist":"Creo x Kendrick Lamar (spacepanda mashup)","startOffset":0,"ytID":"9T3twUoRGD8","songs":[1132447]},"569191ce-04f6-5730-9bfc-7063a5f6a377":{"name":"Surface (Xrim Remix)","artist":"Xrim","startOffset":0,"ytID":"OupsKq7fxA4","songs":[63082]},"a31e078a-8fb6-5eb8-a9ee-8d5386c6d229":{"name":"Anónimo","artist":"Cuarteto de Nos","startOffset":0,"ytID":"KH8PIsSUd9E","songs":[1275022]},"1dfbaa82-2a26-5289-b370-6785960e84bc":{"name":"She Wants Me Death","artist":"CAZZETTE","startOffset":0,"ytID":"FHccClTAdzc","songs":[11006]},"c31ec329-bf67-5771-b3b6-e8c3b9e26787":{"name":"Give Me Back The Night (Schtiffles Remix)","artist":"Schtiffles","startOffset":0,"ytID":"thzVnOiLViY","songs":[762712]},"ab2fcb63-c496-58cf-ae21-89c032f9a786":{"name":"Endgame X Eminem","artist":"Waterflame","startOffset":0,"ytID":"AbhMgRP5IcU","songs":[587069]},"ad80e0ab-1cce-5d23-bf08-0720d3dfeed3":{"name":"FFM (I don't know which way to turn)","artist":"Cacola","startOffset":0,"ytID":"th8xY21wTPs","songs":[1298493]},"3db75c2a-76f6-51e7-9879-8fb95b38de9c":{"name":"Lonely - Yoe Mase (Geometry dash)","artist":"Yoe Mase","startOffset":0,"ytID":"VFErR0FdB0Q","songs":[1254555]},"c6d686ed-d773-596f-a9a7-1b3df4cb8968":{"name":"Creo - Sphere x Borderline","artist":"Creo x Tame Impala","startOffset":0,"ytID":"Z4p7r4HAG24","songs":[739991]},"cb2c2d71-4f6f-5adf-b485-4ff75f9cc4b1":{"name":"Flawless Wings of Yatagarasu (high Pitch)","artist":"Nightvail Team","startOffset":0,"ytID":"JnF47p2kcXI","songs":[490479]},"4e7b09fe-b88f-53ce-b11e-660732914378":{"name":"esh govno","artist":"CIIEPMA","startOffset":0,"ytID":"Jf1ERgePgBE","songs":[1]},"ca3abeb1-4b1c-5621-b98c-1655af8f2b47":{"name":"Wild Side","artist":"ALI","startOffset":0,"ytID":"u5heWZ9occg","songs":[1037135]},"9b4961b1-94bf-5718-9321-fdcbcf79d663":{"name":"Time Leaper (Low Pitch)","artist":"Hinkik","startOffset":0,"ytID":"pgKFU1tmO1Y","songs":[683996]},"db8a5cf3-7934-53f9-bdc0-d71d2bd239d4":{"name":"CLXBBIN (Clubstep Phonk Remix)","artist":"MXGY","startOffset":0,"ytID":"-rK-5wrmRiM","songs":[13]},"640a519a-2304-56a8-b6cc-2aaa6a630efc":{"name":"Stronger Than You","artist":"Steven Universe","startOffset":0,"ytID":"7GrmiTlaVgo","songs":[1]},"c88cbc7c-83a0-5adc-b8d3-2496dce88265":{"name":"Dream On","artist":"Pegboard Nerds","startOffset":0,"ytID":"pMx36VC8R-Q","songs":[10006751]},"e0025e1b-ee66-5c32-905e-1ad2faa9a345":{"name":"Tokyo(MRHSLMusic Remix)","artist":"Ivycomb Music","startOffset":0,"ytID":"Y-UPgQOt874","songs":[1202803]},"9c1f7978-cac6-5909-b17d-b799df508873":{"name":"Clubstep x Money Machine","artist":"30th century homer alternative","startOffset":0,"ytID":"FTkHz5Pbm_0","songs":[13]},"e963ff1a-354d-532d-897d-580f81589aad":{"name":"Sakupen Circles x Gangsta paradise piano (Diamond ver)","artist":"mr-jazzman","startOffset":0,"ytID":"sWE_YX-SNWs","songs":[360804]},"70ddeafe-bc44-538d-8a19-c8b2a329c4cb":{"name":"Sonic blaster X 2 Phut Hon","artist":"Light night music","startOffset":0,"ytID":"hlG9meH2lhQ","songs":[574484]},"40b11a99-f5f7-56fd-90e2-1a7f011bd731":{"name":"Electric Angel","artist":"Yasuo","startOffset":0,"ytID":"sSYoz0JmnZo","songs":[593489]},"53238f2e-fece-50ce-868d-ff906666a7e2":{"name":"Undertale - Megalovania (Oscar Santos EDM Remix 2019)","artist":"Drop the Bassline","startOffset":0,"ytID":"zqBnYGwlr0Q","songs":[695513]},"de775290-0f32-55c9-88e9-4cc0fe2da700":{"name":"Epilogue x King Von","artist":"CREO","startOffset":0,"ytID":"sXmVOoTKhs4","songs":[723714]},"0aeaa1d2-02fc-50c8-88a2-49d81c5556ea":{"name":"Lost (Low Pitch)","artist":"CRIM3S","startOffset":351000,"ytID":"ySQg0FUQMSc","songs":[945695]}}},"url":"https://raw.githubusercontent.com/FlafyDev/auto-nong-indexes/v2/auto-nong-index.min.json"}