{
    "alternate-geode-style": false,
    "latest-version-auto-update-check": "v4.7.0",
    "should-load-geode.loader": true,
    "last-modified-auto-update-check": "",
    "last-modified-tag-exists-check": "",
    "should-load-alphalaneous.alphas_geode_utils": true,
    "should-load-user95401.rcgd-vers-gdps": true,
    "should-load-cvolton.misc_bugfixes": true,
    "should-load-cvolton.level-id-api": true,
    "should-load-geode.node-ids": true,
    "should-load-alphalaneous.happy_textures": true,
    "should-load-cvolton.betterinfo": true,
    "should-load-geode.texture-loader": true,
    "should-load-fleym.nongd": true,
    "should-load-alphalaneous.projectedstars": true,
    "should-load-cgytrus.menu-shaders": true,
    "should-load-hiimjustin000.more_icons": true,
    "should-load-hjfod.gdshare": true,
    "should-load-hjfod.gmd-api": true,
    "should-load-itzkiba.better_progression": true,
    "should-load-jecket.gauntlets_position_fix": true,
    "should-load-thesillydoggo.comment_emojis": true,
    "should-load-weebify.high-graphics-android": true,
    "shown-manual-install-info": true,
    "should-load-user95401.open-mods": true,
    "should-load-geode.devtools": true
}