{"level-name-dict":{"111":"Crazy time"},"coin-count-dict":{"111":0},"demon-difficulty-dict":{"111":3},"username-dict":{},"upload-date-dict":{},"level-info-dict":{"111":{"upload-date":"30.05","update-date":"30.05"}},"list-info-dict":{"15":{"name":"I love this lol","levels":[558,472,346,306,1082],"levels-to-claim":1,"diamonds":500},"26":{"name":"GDPS Progression List Jul","levels":[383,235,437,1046,429,1170,944,134,237,468,716,719,757],"levels-to-claim":0,"diamonds":50}},"user-info-dict":{},"failed-levels-dict":{}}