{
    "shown-moved-alert": true,
    "applied": [{
        "path": "C:\\Users\\user95401\\Desktop\\rcgd vers\\geode\\config\\geode.texture-loader\\packs\\RCGD VERS Icon Pack"
    }, {
        "path": "C:\\Users\\user95401\\Desktop\\rcgd vers\\geode\\config\\geode.texture-loader\\packs\\RCGD VERS TEXTURE PACK"
    }, {
        "path": "C:\\Users\\user95401\\Desktop\\rcgd vers\\geode\\config\\geode.texture-loader\\packs\\Teftelya Beta Icons 1.0"
    }, {
        "path": "C:\\Users\\user95401\\Desktop\\rcgd vers\\geode\\config\\geode.texture-loader\\packs\\Waxai Icon Pack"
    }]
}