{
    "visible": false,
    "layout-loaded-1.92.1": true,
    "settings": {
        "game_in_window": true,
        "attributes_in_tree": false,
        "always_highlight": true,
        "highlight_layouts": false,
        "arrow_expand": true,
        "double_click_expand": true,
        "order_children": true,
        "advanced_settings": false,
        "show_memory_viewer": false,
        "show_mod_graph": false,
        "theme": "Dark",
        "theme_color": {
            "r": 2,
            "g": 119,
            "b": 189,
            "a": 255
        },
        "font_global_scale": 1.25,
        "show_logs_window": false
    }
}